id;original_file_name;file_name;path;photo_type
1;Savings;Sri;Rustic;PASSPORT
2;Central Squares Team-oriented;Metal Data Engineer;Tools TCP;MAIN_PAGE
3;Designer;Usability Yuan;Soft Land brand;CERTIFICATE
4;Generic;Product;withdrawal invoice;PHOTO
5;Sports back-end payment;grey;Cotton Liaison;PASSPORT
6;Mississippi Shoes;methodology Luxembourg Account;connect;CERTIFICATE
7;input Internal;Supervisor;Agent cross-media;CERTIFICATE
8;Mali Architect;Rustic Right-sized;New;PASSPORT
9;Salad Brooks Island;monitor Garden;Bedfordshire platforms array;MAIN_PAGE
10;haptic Chair;Direct Berkshire Internal;indexing Personal;PHOTO
